<?xml version="1.0" encoding="UTF-8"?>
<!-- This is a project file for TaT Tile Map Editor. -->
<!-- This file is only used to load a project into the tile map editor. -->
<!-- This file is not needed when loading maps into games. -->

<TaT_TileMapEditor version="1.0.0">
	<project name="Eruta1" author="BDM">
		<tiles defaultTileWidth="32" defaultTileHeight="32" tilesetFile="tileset.xml"/>
		<description>
test

		</description>
	</project>
	<tilepalette name="New palette 1" tileWidth="32" tileHeight="32">
		<tilesetImage file="tiles_1000_village.png" posX="288" posY="64"/>
		<tilesetImage file="tiles_1000_village.png" posX="32" posY="288"/>
		<tilesetImage file="tiles_0000_common.png" posX="192" posY="32"/>
		<tilesetImage file="tiles_1000_village.png" posX="0" posY="0"/>
		<tilesetImage file="tiles_1000_village.png" posX="192" posY="224"/>
		<tilesetImage file="tiles_1000_village.png" posX="352" posY="320"/>
		<tilesetImage file="tiles_1000_village.png" posX="0" posY="352"/>
		<tilesetImage file="tiles_1000_village.png" posX="352" posY="128"/>
		<tilesetImage file="tiles_1000_village.png" posX="320" posY="288"/>
		<tilesetImage file="tiles_1000_village.png" posX="416" posY="416"/>
		<tilesetImage file="tiles_1000_village.png" posX="32" posY="384"/>
		<tilesetImage file="tiles_1000_village.png" posX="160" posY="224"/>
		<tilesetImage file="tiles_1000_village.png" posX="320" posY="224"/>
		<tilesetImage file="tiles_1000_village.png" posX="160" posY="352"/>
		<tilesetImage file="tiles_0000_common.png" posX="224" posY="32"/>
		<tilesetImage file="tiles_0000_common.png" posX="32" posY="32"/>
		<tilesetImage file="tiles_1000_village.png" posX="256" posY="448"/>
		<tilesetImage file="tiles_1000_village.png" posX="384" posY="0"/>
		<tilesetImage file="tiles_1000_village.png" posX="320" posY="0"/>
		<tilesetImage file="tiles_1000_village.png" posX="320" posY="32"/>
		<tilesetImage file="tiles_1000_village.png" posX="160" posY="256"/>
		<tilesetImage file="tiles_1000_village.png" posX="128" posY="128"/>
		<tilesetImage file="tiles_1000_village.png" posX="192" posY="320"/>
		<tilesetImage file="tiles_1000_village.png" posX="160" posY="288"/>
		<tilesetImage file="tiles_1000_village.png" posX="384" posY="96"/>
		<tilesetImage file="tiles_1000_village.png" posX="416" posY="0"/>
		<tilesetImage file="tiles_1000_village.png" posX="416" posY="256"/>
		<tilesetImage file="tiles_0000_common.png" posX="160" posY="32"/>
		<tilesetImage file="tiles_1000_village.png" posX="96" posY="384"/>
		<tilesetImage file="tiles_1000_village.png" posX="256" posY="96"/>
		<tilesetImage file="tiles_1000_village.png" posX="224" posY="128"/>
		<tilesetImage file="tiles_1000_village.png" posX="192" posY="0"/>
		<tilesetImage file="tiles_1000_village.png" posX="0" posY="128"/>
		<tilesetImage file="tiles_1000_village.png" posX="288" posY="448"/>
		<tilesetImage file="tiles_1000_village.png" posX="384" posY="224"/>
		<tilesetImage file="tiles_1000_village.png" posX="0" posY="192"/>
		<tilesetImage file="tiles_1000_village.png" posX="448" posY="416"/>
		<tilesetImage file="tiles_1000_village.png" posX="448" posY="128"/>
		<tilesetImage file="tiles_1000_village.png" posX="256" posY="320"/>
		<tilesetImage file="tiles_1000_village.png" posX="224" posY="32"/>
		<tilesetImage file="tiles_1000_village.png" posX="128" posY="192"/>
		<tilesetImage file="tiles_1000_village.png" posX="160" posY="160"/>
		<tilesetImage file="tiles_0000_common.png" posX="128" posY="0"/>
		<tilesetImage file="tiles_1000_village.png" posX="320" posY="320"/>
		<tilesetImage file="tiles_1000_village.png" posX="96" posY="448"/>
		<tilesetImage file="tiles_1000_village.png" posX="96" posY="64"/>
		<tilesetImage file="tiles_1000_village.png" posX="0" posY="416"/>
		<tilesetImage file="tiles_1000_village.png" posX="96" posY="32"/>
		<tilesetImage file="tiles_1000_village.png" posX="256" posY="224"/>
		<tilesetImage file="tiles_1000_village.png" posX="416" posY="384"/>
		<tilesetImage file="tiles_1000_village.png" posX="352" posY="224"/>
		<tilesetImage file="tiles_0000_common.png" posX="192" posY="0"/>
		<tilesetImage file="tiles_1000_village.png" posX="192" posY="128"/>
		<tilesetImage file="tiles_1000_village.png" posX="384" posY="128"/>
		<tilesetImage file="tiles_1000_village.png" posX="128" posY="352"/>
		<tilesetImage file="tiles_0000_common.png" posX="256" posY="0"/>
		<tilesetImage file="tiles_1000_village.png" posX="32" posY="192"/>
		<tilesetImage file="tiles_1000_village.png" posX="160" posY="128"/>
		<tilesetImage file="tiles_1000_village.png" posX="224" posY="224"/>
		<tilesetImage file="tiles_1000_village.png" posX="192" posY="352"/>
		<tilesetImage file="tiles_1000_village.png" posX="160" posY="384"/>
		<tilesetImage file="tiles_1000_village.png" posX="448" posY="0"/>
		<tilesetImage file="tiles_1000_village.png" posX="64" posY="32"/>
		<tilesetImage file="tiles_1000_village.png" posX="416" posY="192"/>
		<tilesetImage file="tiles_0000_common.png" posX="288" posY="32"/>
		<tilesetImage file="tiles_0000_common.png" posX="0" posY="32"/>
		<tilesetImage file="tiles_1000_village.png" posX="96" posY="192"/>
		<tilesetImage file="tiles_1000_village.png" posX="288" posY="192"/>
		<tilesetImage file="tiles_1000_village.png" posX="448" posY="320"/>
		<tilesetImage file="tiles_1000_village.png" posX="0" posY="256"/>
		<tilesetImage file="tiles_1000_village.png" posX="352" posY="416"/>
		<tilesetImage file="tiles_1000_village.png" posX="448" posY="384"/>
		<tilesetImage file="tiles_1000_village.png" posX="192" posY="416"/>
		<tilesetImage file="tiles_1000_village.png" posX="32" posY="96"/>
		<tilesetImage file="tiles_1000_village.png" posX="0" posY="224"/>
		<tilesetImage file="tiles_1000_village.png" posX="448" posY="256"/>
		<tilesetImage file="tiles_1000_village.png" posX="96" posY="320"/>
		<tilesetImage file="tiles_1000_village.png" posX="96" posY="256"/>
		<tilesetImage file="tiles_1000_village.png" posX="0" posY="96"/>
		<tilesetImage file="tiles_1000_village.png" posX="416" posY="64"/>
		<tilesetImage file="tiles_1000_village.png" posX="160" posY="416"/>
		<tilesetImage file="tiles_1000_village.png" posX="224" posY="64"/>
		<tilesetImage file="tiles_1000_village.png" posX="352" posY="192"/>
		<tilesetImage file="tiles_1000_village.png" posX="160" posY="192"/>
		<tilesetImage file="tiles_1000_village.png" posX="224" posY="352"/>
		<tilesetImage file="tiles_1000_village.png" posX="256" posY="192"/>
		<tilesetImage file="tiles_1000_village.png" posX="32" posY="128"/>
		<tilesetImage file="tiles_0000_common.png" posX="96" posY="32"/>
		<tilesetImage file="tiles_1000_village.png" posX="192" posY="384"/>
		<tilesetImage file="tiles_1000_village.png" posX="64" posY="352"/>
		<tilesetImage file="tiles_1000_village.png" posX="384" posY="32"/>
		<tilesetImage file="tiles_1000_village.png" posX="32" posY="256"/>
		<tilesetImage file="tiles_1000_village.png" posX="0" posY="448"/>
		<tilesetImage file="tiles_1000_village.png" posX="64" posY="0"/>
		<tilesetImage file="tiles_1000_village.png" posX="64" posY="128"/>
		<tilesetImage file="tiles_1000_village.png" posX="288" posY="0"/>
		<tilesetImage file="tiles_1000_village.png" posX="288" posY="256"/>
		<tilesetImage file="tiles_1000_village.png" posX="320" posY="64"/>
		<tilesetImage file="tiles_1000_village.png" posX="384" posY="416"/>
		<tilesetImage file="tiles_1000_village.png" posX="416" posY="224"/>
		<tilesetImage file="tiles_1000_village.png" posX="352" posY="32"/>
		<tilesetImage file="tiles_1000_village.png" posX="0" posY="320"/>
		<tilesetImage file="tiles_1000_village.png" posX="224" posY="256"/>
		<tilesetImage file="tiles_1000_village.png" posX="32" posY="320"/>
		<tilesetImage file="tiles_1000_village.png" posX="256" posY="352"/>
		<tilesetImage file="tiles_1000_village.png" posX="320" posY="128"/>
		<tilesetImage file="tiles_1000_village.png" posX="256" posY="32"/>
		<tilesetImage file="tiles_1000_village.png" posX="416" posY="320"/>
		<tilesetImage file="tiles_0000_common.png" posX="160" posY="0"/>
		<tilesetImage file="tiles_1000_village.png" posX="128" posY="32"/>
		<tilesetImage file="tiles_1000_village.png" posX="160" posY="96"/>
		<tilesetImage file="tiles_1000_village.png" posX="128" posY="160"/>
		<tilesetImage file="tiles_1000_village.png" posX="0" posY="288"/>
		<tilesetImage file="tiles_1000_village.png" posX="352" posY="448"/>
		<tilesetImage file="tiles_1000_village.png" posX="64" posY="96"/>
		<tilesetImage file="tiles_1000_village.png" posX="32" posY="64"/>
		<tilesetImage file="tiles_1000_village.png" posX="32" posY="32"/>
		<tilesetImage file="tiles_1000_village.png" posX="416" posY="128"/>
		<tilesetImage file="tiles_1000_village.png" posX="96" posY="224"/>
		<tilesetImage file="tiles_1000_village.png" posX="224" posY="0"/>
		<tilesetImage file="tiles_1000_village.png" posX="128" posY="0"/>
		<tilesetImage file="tiles_1000_village.png" posX="224" posY="192"/>
		<tilesetImage file="tiles_1000_village.png" posX="256" posY="64"/>
		<tilesetImage file="tiles_1000_village.png" posX="64" posY="192"/>
		<tilesetImage file="tiles_1000_village.png" posX="32" posY="352"/>
		<tilesetImage file="tiles_1000_village.png" posX="384" posY="192"/>
		<tilesetImage file="tiles_1000_village.png" posX="256" posY="384"/>
		<tilesetImage file="tiles_1000_village.png" posX="448" posY="448"/>
		<tilesetImage file="tiles_1000_village.png" posX="0" posY="32"/>
		<tilesetImage file="tiles_1000_village.png" posX="416" posY="352"/>
		<tilesetImage file="tiles_1000_village.png" posX="384" posY="448"/>
		<tilesetImage file="tiles_0000_common.png" posX="288" posY="0"/>
		<tilesetImage file="tiles_1000_village.png" posX="320" posY="448"/>
		<tilesetImage file="tiles_1000_village.png" posX="192" posY="256"/>
		<tilesetImage file="tiles_0000_common.png" posX="32" posY="0"/>
		<tilesetImage file="tiles_1000_village.png" posX="320" posY="96"/>
		<tilesetImage file="tiles_1000_village.png" posX="288" posY="288"/>
		<tilesetImage file="tiles_1000_village.png" posX="64" posY="288"/>
		<tilesetImage file="tiles_0000_common.png" posX="256" posY="32"/>
		<tilesetImage file="tiles_1000_village.png" posX="64" posY="224"/>
		<tilesetImage file="tiles_0000_common.png" posX="64" posY="0"/>
		<tilesetImage file="tiles_1000_village.png" posX="256" posY="256"/>
		<tilesetImage file="tiles_1000_village.png" posX="288" posY="320"/>
		<tilesetImage file="tiles_1000_village.png" posX="192" posY="160"/>
		<tilesetImage file="tiles_1000_village.png" posX="288" posY="352"/>
		<tilesetImage file="tiles_1000_village.png" posX="128" posY="448"/>
		<tilesetImage file="tiles_1000_village.png" posX="0" posY="384"/>
		<tilesetImage file="tiles_1000_village.png" posX="352" posY="288"/>
		<tilesetImage file="tiles_1000_village.png" posX="320" posY="256"/>
		<tilesetImage file="tiles_1000_village.png" posX="128" posY="384"/>
		<tilesetImage file="tiles_1000_village.png" posX="256" posY="288"/>
		<tilesetImage file="tiles_1000_village.png" posX="128" posY="96"/>
		<tilesetImage file="tiles_1000_village.png" posX="160" posY="64"/>
		<tilesetImage file="tiles_1000_village.png" posX="384" posY="384"/>
		<tilesetImage file="tiles_1000_village.png" posX="288" posY="96"/>
		<tilesetImage file="tiles_1000_village.png" posX="352" posY="160"/>
		<tilesetImage file="tiles_1000_village.png" posX="64" posY="64"/>
		<tilesetImage file="tiles_1000_village.png" posX="192" posY="32"/>
		<tilesetImage file="tiles_1000_village.png" posX="256" posY="0"/>
		<tilesetImage file="tiles_1000_village.png" posX="64" posY="256"/>
		<tilesetImage file="tiles_1000_village.png" posX="384" posY="64"/>
		<tilesetImage file="tiles_1000_village.png" posX="128" posY="320"/>
		<tilesetImage file="tiles_1000_village.png" posX="32" posY="224"/>
		<tilesetImage file="tiles_1000_village.png" posX="64" posY="320"/>
		<tilesetImage file="tiles_1000_village.png" posX="224" posY="384"/>
		<tilesetImage file="tiles_1000_village.png" posX="288" posY="384"/>
		<tilesetImage file="tiles_1000_village.png" posX="192" posY="96"/>
		<tilesetImage file="tiles_1000_village.png" posX="416" posY="448"/>
		<tilesetImage file="tiles_1000_village.png" posX="416" posY="288"/>
		<tilesetImage file="tiles_1000_village.png" posX="352" posY="64"/>
		<tilesetImage file="tiles_1000_village.png" posX="384" posY="160"/>
		<tilesetImage file="tiles_1000_village.png" posX="0" posY="160"/>
		<tilesetImage file="tiles_1000_village.png" posX="448" posY="192"/>
		<tilesetImage file="tiles_1000_village.png" posX="128" posY="416"/>
		<tilesetImage file="tiles_1000_village.png" posX="96" posY="416"/>
		<tilesetImage file="tiles_1000_village.png" posX="96" posY="128"/>
		<tilesetImage file="tiles_1000_village.png" posX="96" posY="352"/>
		<tilesetImage file="tiles_1000_village.png" posX="448" posY="288"/>
		<tilesetImage file="tiles_1000_village.png" posX="416" posY="32"/>
		<tilesetImage file="tiles_1000_village.png" posX="352" posY="96"/>
		<tilesetImage file="tiles_1000_village.png" posX="288" posY="32"/>
		<tilesetImage file="tiles_1000_village.png" posX="352" posY="384"/>
		<tilesetImage file="tiles_1000_village.png" posX="192" posY="192"/>
		<tilesetImage file="tiles_1000_village.png" posX="128" posY="288"/>
		<tilesetImage file="tiles_1000_village.png" posX="32" posY="0"/>
		<tilesetImage file="tiles_1000_village.png" posX="448" posY="160"/>
		<tilesetImage file="tiles_1000_village.png" posX="288" posY="416"/>
		<tilesetImage file="tiles_0000_common.png" posX="64" posY="32"/>
		<tilesetImage file="tiles_1000_village.png" posX="192" posY="64"/>
		<tilesetImage file="tiles_1000_village.png" posX="128" posY="256"/>
		<tilesetImage file="tiles_1000_village.png" posX="288" posY="224"/>
		<tilesetImage file="tiles_1000_village.png" posX="224" posY="288"/>
		<tilesetImage file="tiles_1000_village.png" posX="64" posY="384"/>
		<tilesetImage file="tiles_1000_village.png" posX="448" posY="96"/>
		<tilesetImage file="tiles_0000_common.png" posX="96" posY="0"/>
		<tilesetImage file="tiles_1000_village.png" posX="32" posY="160"/>
		<tilesetImage file="tiles_1000_village.png" posX="160" posY="32"/>
		<tilesetImage file="tiles_1000_village.png" posX="224" posY="160"/>
		<tilesetImage file="tiles_1000_village.png" posX="224" posY="416"/>
		<tilesetImage file="tiles_1000_village.png" posX="64" posY="160"/>
		<tilesetImage file="tiles_0000_common.png" posX="224" posY="0"/>
		<tilesetImage file="tiles_1000_village.png" posX="32" posY="416"/>
		<tilesetImage file="tiles_1000_village.png" posX="320" posY="192"/>
		<tilesetImage file="tiles_1000_village.png" posX="288" posY="128"/>
		<tilesetImage file="tiles_1000_village.png" posX="96" posY="160"/>
		<tilesetImage file="tiles_1000_village.png" posX="384" posY="256"/>
		<tilesetImage file="tiles_1000_village.png" posX="288" posY="160"/>
		<tilesetImage file="tiles_1000_village.png" posX="416" posY="96"/>
		<tilesetImage file="tiles_1000_village.png" posX="384" posY="352"/>
		<tilesetImage file="tiles_1000_village.png" posX="96" posY="288"/>
		<tilesetImage file="tiles_1000_village.png" posX="192" posY="448"/>
		<tilesetImage file="tiles_1000_village.png" posX="448" posY="352"/>
		<tilesetImage file="tiles_1000_village.png" posX="256" posY="128"/>
		<tilesetImage file="tiles_1000_village.png" posX="160" posY="320"/>
		<tilesetImage file="tiles_1000_village.png" posX="320" posY="352"/>
		<tilesetImage file="tiles_1000_village.png" posX="96" posY="96"/>
		<tilesetImage file="tiles_1000_village.png" posX="256" posY="416"/>
		<tilesetImage file="tiles_1000_village.png" posX="224" posY="448"/>
		<tilesetImage file="tiles_1000_village.png" posX="32" posY="448"/>
		<tilesetImage file="tiles_1000_village.png" posX="320" posY="160"/>
		<tilesetImage file="tiles_1000_village.png" posX="448" posY="32"/>
		<tilesetImage file="tiles_1000_village.png" posX="352" posY="0"/>
		<tilesetImage file="tiles_1000_village.png" posX="224" posY="320"/>
		<tilesetImage file="tiles_1000_village.png" posX="384" posY="320"/>
		<tilesetImage file="tiles_1000_village.png" posX="416" posY="160"/>
		<tilesetImage file="tiles_1000_village.png" posX="192" posY="288"/>
		<tilesetImage file="tiles_1000_village.png" posX="448" posY="224"/>
		<tilesetImage file="tiles_1000_village.png" posX="0" posY="64"/>
		<tilesetImage file="tiles_1000_village.png" posX="256" posY="160"/>
		<tilesetImage file="tiles_1000_village.png" posX="320" posY="416"/>
		<tilesetImage file="tiles_1000_village.png" posX="160" posY="448"/>
		<tilesetImage file="tiles_1000_village.png" posX="224" posY="96"/>
		<tilesetImage file="tiles_1000_village.png" posX="128" posY="224"/>
		<tilesetImage file="tiles_1000_village.png" posX="96" posY="0"/>
		<tilesetImage file="tiles_1000_village.png" posX="64" posY="416"/>
		<tilesetImage file="tiles_1000_village.png" posX="384" posY="288"/>
		<tilesetImage file="tiles_1000_village.png" posX="352" posY="352"/>
		<tilesetImage file="tiles_1000_village.png" posX="448" posY="64"/>
		<tilesetImage file="tiles_0000_common.png" posX="0" posY="0"/>
		<tilesetImage file="tiles_1000_village.png" posX="352" posY="256"/>
		<tilesetImage file="tiles_1000_village.png" posX="64" posY="448"/>
		<tilesetImage file="tiles_1000_village.png" posX="160" posY="0"/>
		<tilesetImage file="tiles_1000_village.png" posX="128" posY="64"/>
		<tilesetImage file="tiles_1000_village.png" posX="320" posY="384"/>
		<tilesetImage file="tiles_0000_common.png" posX="128" posY="32"/>
	</tilepalette>
	<animTilepalette name="animated_1" tileWidth="32" tileHeight="32">
		<animation name="ani_1" width="32" height="32">
			<tilesetFrame index="0" file="tile_water_light_a1.png" posX="0" posY="0" duration="80"/>
			<tilesetFrame index="1" file="tile_water_light_a2.png" posX="0" posY="0" duration="80"/>
			<tilesetFrame index="2" file="tile_water_light_a3.png" posX="0" posY="0" duration="80"/>
			<tilesetFrame index="3" file="tile_water_light_a4.png" posX="0" posY="0" duration="80"/>
			<tilesetFrame index="4" file="tile_water_light_a5.png" posX="0" posY="0" duration="80"/>
			<tilesetFrame index="5" file="tile_water_light_a6.png" posX="0" posY="0" duration="80"/>
			<tilesetFrame index="6" file="tile_water_light_a7.png" posX="0" posY="0" duration="80"/>
			<tilesetFrame index="7" file="tile_water_light_a8.png" posX="0" posY="0" duration="40"/>
		</animation>
	</animTilepalette>
	<editorwindow mapName="map_0001" dotsBelowTiles="true" dotColor="128,128,128" collisionColor="255,0,0,64" showCollision="true" codeColor="255,0,0" codeFont="SansSerif,0,9" showCode="true" fps="30" measureFps="false" visible="true">
		<mapFile file="map_0001.xml"/>
	</editorwindow>
</TaT_TileMapEditor>
