<?xml version="1.0" encoding="UTF-8"?>
<!-- This is a tileset file for TaT Tile Map Editor. -->
<!-- This file is used to describe all the tiles and animations. -->
<!-- This file is common for all the maps in the project. -->

<tilesetFile version="1.0.0" animations="1" tiles="11">
	<tilesets>
		<tileset file="tiles_1000_village.png" tileWidth="32" tileHeight="32"/>
		<tileset file="tiles_0000_common.png" tileWidth="32" tileHeight="32"/>
		<tileset file="tile_water_light_a2.png" tileWidth="32" tileHeight="32"/>
		<tileset file="tile_water_light_a7.png" tileWidth="32" tileHeight="32"/>
		<tileset file="tile_water_light_a8.png" tileWidth="32" tileHeight="32"/>
		<tileset file="tile_water_light_a4.png" tileWidth="32" tileHeight="32"/>
		<tileset file="tile_water_light_a3.png" tileWidth="32" tileHeight="32"/>
		<tileset file="tile_water_light_a1.png" tileWidth="32" tileHeight="32"/>
		<tileset file="tile_water_light_a5.png" tileWidth="32" tileHeight="32"/>
		<tileset file="tile_water_light_a6.png" tileWidth="32" tileHeight="32"/>
	</tilesets>
	<tileAnimations>
		<animation name="ani_1" width="32" height="32">
			<tilesetFrame index="0" file="tile_water_light_a1.png" posX="0" posY="0" duration="80"/>
			<tilesetFrame index="1" file="tile_water_light_a2.png" posX="0" posY="0" duration="80"/>
			<tilesetFrame index="2" file="tile_water_light_a3.png" posX="0" posY="0" duration="80"/>
			<tilesetFrame index="3" file="tile_water_light_a4.png" posX="0" posY="0" duration="80"/>
			<tilesetFrame index="4" file="tile_water_light_a5.png" posX="0" posY="0" duration="80"/>
			<tilesetFrame index="5" file="tile_water_light_a6.png" posX="0" posY="0" duration="80"/>
			<tilesetFrame index="6" file="tile_water_light_a7.png" posX="0" posY="0" duration="80"/>
			<tilesetFrame index="7" file="tile_water_light_a8.png" posX="0" posY="0" duration="40"/>
		</animation>
	</tileAnimations>
	<tiles>
		<tilesetTile id="1" width="32" height="32>
			<tilesetImage file="tiles_1000_village.png" posX="0" posY="0"/>
			<collision area="none"/>
			<rotate angle="0"/>
			<flip vertically="false" horizontally="false"/>
			<code first="none" second="none"/>
		</tilesetTile>
		<animatedTile id="2" width="32" height="32">
			<tileAnimation name="ani_1"/>
			<collision area="lowerRightCorner"/>
			<rotate angle="0"/>
			<flip vertically="false" horizontally="false"/>
			<code first="none" second="none"/>
		</animatedTile>
		<animatedTile id="3" width="32" height="32">
			<tileAnimation name="ani_1"/>
			<collision area="full"/>
			<rotate angle="0"/>
			<flip vertically="false" horizontally="false"/>
			<code first="none" second="none"/>
		</animatedTile>
		<animatedTile id="4" width="32" height="32">
			<tileAnimation name="ani_1"/>
			<collision area="lowerLeftCorner"/>
			<rotate angle="0"/>
			<flip vertically="false" horizontally="false"/>
			<code first="none" second="none"/>
		</animatedTile>
		<animatedTile id="5" width="32" height="32">
			<tileAnimation name="ani_1"/>
			<collision area="topRightCorner"/>
			<rotate angle="0"/>
			<flip vertically="false" horizontally="false"/>
			<code first="none" second="none"/>
		</animatedTile>
		<animatedTile id="6" width="32" height="32">
			<tileAnimation name="ani_1"/>
			<collision area="topLeftCorner"/>
			<rotate angle="0"/>
			<flip vertically="false" horizontally="false"/>
			<code first="none" second="none"/>
		</animatedTile>
		<tilesetTile id="7" width="32" height="32>
			<tilesetImage file="tiles_1000_village.png" posX="64" posY="32"/>
			<collision area="full"/>
			<rotate angle="0"/>
			<flip vertically="false" horizontally="false"/>
			<code first="none" second="none"/>
		</tilesetTile>
		<tilesetTile id="8" width="32" height="32>
			<tilesetImage file="tiles_1000_village.png" posX="64" posY="32"/>
			<collision area="none"/>
			<rotate angle="0"/>
			<flip vertically="false" horizontally="false"/>
			<code first="none" second="none"/>
		</tilesetTile>
		<tilesetTile id="9" width="32" height="32>
			<tilesetImage file="tiles_1000_village.png" posX="64" posY="32"/>
			<collision area="none"/>
			<rotate angle="90"/>
			<flip vertically="false" horizontally="false"/>
			<code first="none" second="none"/>
		</tilesetTile>
		<tilesetTile id="10" width="32" height="32>
			<tilesetImage file="tiles_1000_village.png" posX="64" posY="32"/>
			<collision area="none"/>
			<rotate angle="180"/>
			<flip vertically="false" horizontally="false"/>
			<code first="none" second="none"/>
		</tilesetTile>
		<tilesetTile id="11" width="32" height="32>
			<tilesetImage file="tiles_1000_village.png" posX="64" posY="32"/>
			<collision area="none"/>
			<rotate angle="270"/>
			<flip vertically="false" horizontally="false"/>
			<code first="none" second="none"/>
		</tilesetTile>
	</tiles>
</tilesetFile>
